-- ----------------------------
-- Records of users
-- ----------------------------
INSERT INTO `users` (`users_id`, `username`, `email`, `email_valid`, `nickname`, `password`, `sex`, `birthday`, `province_code`, `city_code`, `county_code`, `town_code`, `village_code`, `detail_address`, `enabled`, `account_non_expired`, `credentials_non_expired`, `account_non_locked`, `create_date`, `update_date`, `deleted`) VALUES (1, 'xuxiaowei', 'xuxiaowei@xuxiaowei.com.cn', 1, '徐晓伟', '{bcrypt}$2a$10$UEX4P9awppGO0DACKpGbpOmcViKZqbG5ObTOr8viJJvAh1AFOGHkK', '1', '1994-08-5', 37, 3702, 370213, 370213008, 370213008010, 'XX小区 105-1-505', 1, 1, 1, 1, '2022-04-06 17:32:43', '2022-08-25 02:44:39', 0);

-- ----------------------------
-- Records of authority
-- ----------------------------
INSERT INTO `authority` (`authority`, `explain`) VALUES ('audit_authorization_consent_delete', '删除授权同意书');
INSERT INTO `authority` (`authority`, `explain`) VALUES ('audit_authorization_consent_read', '查看授权同意书');
INSERT INTO `authority` (`authority`, `explain`) VALUES ('audit_authorization_delete', '删除授权记录');
INSERT INTO `authority` (`authority`, `explain`) VALUES ('audit_authorization_read', '查看授权记录');
INSERT INTO `authority` (`authority`, `explain`) VALUES ('clientId_token_delete', '客户Token 删除权限');
INSERT INTO `authority` (`authority`, `explain`) VALUES ('dict_add', '添加字典权限');
INSERT INTO `authority` (`authority`, `explain`) VALUES ('dict_delete', '删除字典权限');
INSERT INTO `authority` (`authority`, `explain`) VALUES ('dict_edit', '修改字典权限');
INSERT INTO `authority` (`authority`, `explain`) VALUES ('dict_read', '查看字典权限');
INSERT INTO `authority` (`authority`, `explain`) VALUES ('manage_client_add', '管理客户 添加权限');
INSERT INTO `authority` (`authority`, `explain`) VALUES ('manage_client_delete', '管理客户 删除权限');
INSERT INTO `authority` (`authority`, `explain`) VALUES ('manage_client_edit', '管理客户 修改权限');
INSERT INTO `authority` (`authority`, `explain`) VALUES ('manage_client_read', '管理客户 读取权限');
INSERT INTO `authority` (`authority`, `explain`) VALUES ('manage_user_add', '管理用户 查询权限');
INSERT INTO `authority` (`authority`, `explain`) VALUES ('manage_user_authority', '管理用户 授权权限');
INSERT INTO `authority` (`authority`, `explain`) VALUES ('manage_user_delete', '管理用户 删除权限');
INSERT INTO `authority` (`authority`, `explain`) VALUES ('manage_user_edit', '管理用户 修改权限');
INSERT INTO `authority` (`authority`, `explain`) VALUES ('manage_user_read', '管理用户 查询权限');
INSERT INTO `authority` (`authority`, `explain`) VALUES ('username_token_delete', '用户Token 删除权限');
INSERT INTO `authority` (`authority`, `explain`) VALUES ('region_read', '查看省市区县镇居委会权限');
INSERT INTO `authority` (`authority`, `explain`) VALUES ('user_authorities', '查看用户权限');
INSERT INTO `authority` (`authority`, `explain`) VALUES ('user_details', '查看用户详情');
INSERT INTO `authority` (`authority`, `explain`) VALUES ('user_info', '查看用户信息');
INSERT INTO `authority` (`authority`, `explain`) VALUES ('user_oauth2_oauth2Request', '查看 oauth2 用户请求');
INSERT INTO `authority` (`authority`, `explain`) VALUES ('user_oauth2_userAuthentication', '查看 oauth2 用户身份验证');

-- ----------------------------
-- Records of authorities
-- ----------------------------
INSERT INTO `authorities` (`authorities_id`, `username`, `authority`, `create_date`, `update_date`) VALUES (7, 'xuxiaowei', 'user_authorities', '2022-06-14 23:01:27', NULL);
INSERT INTO `authorities` (`authorities_id`, `username`, `authority`, `create_date`, `update_date`) VALUES (8, 'xuxiaowei', 'user_details', '2022-06-14 23:01:27', NULL);
INSERT INTO `authorities` (`authorities_id`, `username`, `authority`, `create_date`, `update_date`) VALUES (9, 'xuxiaowei', 'user_info', '2022-06-14 23:01:27', NULL);
INSERT INTO `authorities` (`authorities_id`, `username`, `authority`, `create_date`, `update_date`) VALUES (10, 'xuxiaowei', 'user_oauth2_oauth2Request', '2022-06-14 23:01:27', NULL);
INSERT INTO `authorities` (`authorities_id`, `username`, `authority`, `create_date`, `update_date`) VALUES (11, 'xuxiaowei', 'user_oauth2_userAuthentication', '2022-06-14 23:01:27', NULL);
INSERT INTO `authorities` (`authorities_id`, `username`, `authority`, `create_date`, `update_date`) VALUES (12, 'xuxiaowei', 'manage_user_add', '2022-06-14 23:01:27', NULL);
INSERT INTO `authorities` (`authorities_id`, `username`, `authority`, `create_date`, `update_date`) VALUES (13, 'xuxiaowei', 'manage_user_delete', '2022-06-14 23:01:27', NULL);
INSERT INTO `authorities` (`authorities_id`, `username`, `authority`, `create_date`, `update_date`) VALUES (14, 'xuxiaowei', 'manage_user_edit', '2022-06-14 23:01:27', NULL);
INSERT INTO `authorities` (`authorities_id`, `username`, `authority`, `create_date`, `update_date`) VALUES (15, 'xuxiaowei', 'manage_user_read', '2022-06-14 23:01:27', NULL);
INSERT INTO `authorities` (`authorities_id`, `username`, `authority`, `create_date`, `update_date`) VALUES (16, 'xuxiaowei', 'manage_user_authority', '2022-06-14 23:01:27', NULL);
INSERT INTO `authorities` (`authorities_id`, `username`, `authority`, `create_date`, `update_date`) VALUES (17, 'xuxiaowei', 'manage_client_add', '2022-06-14 23:01:27', NULL);
INSERT INTO `authorities` (`authorities_id`, `username`, `authority`, `create_date`, `update_date`) VALUES (18, 'xuxiaowei', 'manage_client_delete', '2022-06-14 23:01:27', NULL);
INSERT INTO `authorities` (`authorities_id`, `username`, `authority`, `create_date`, `update_date`) VALUES (19, 'xuxiaowei', 'manage_client_edit', '2022-06-14 23:01:27', NULL);
INSERT INTO `authorities` (`authorities_id`, `username`, `authority`, `create_date`, `update_date`) VALUES (20, 'xuxiaowei', 'manage_client_read', '2022-06-14 23:01:27', NULL);
INSERT INTO `authorities` (`authorities_id`, `username`, `authority`, `create_date`, `update_date`) VALUES (21, 'xuxiaowei', 'clientId_token_delete', '2022-06-14 23:01:27', NULL);
INSERT INTO `authorities` (`authorities_id`, `username`, `authority`, `create_date`, `update_date`) VALUES (22, 'xuxiaowei', 'username_token_delete', '2022-06-14 23:01:27', NULL);
INSERT INTO `authorities` (`authorities_id`, `username`, `authority`, `create_date`, `update_date`) VALUES (23, 'xuxiaowei', 'audit_authorization_read', '2022-06-18 15:14:09', NULL);
INSERT INTO `authorities` (`authorities_id`, `username`, `authority`, `create_date`, `update_date`) VALUES (24, 'xuxiaowei', 'audit_authorization_delete', '2022-06-18 15:25:36', NULL);
INSERT INTO `authorities` (`authorities_id`, `username`, `authority`, `create_date`, `update_date`) VALUES (25, 'xuxiaowei', 'audit_authorization_consent_delete', '2022-06-18 15:59:06', NULL);
INSERT INTO `authorities` (`authorities_id`, `username`, `authority`, `create_date`, `update_date`) VALUES (26, 'xuxiaowei', 'audit_authorization_consent_read', '2022-06-18 15:59:16', NULL);
INSERT INTO `authorities` (`authorities_id`, `username`, `authority`, `create_date`, `update_date`) VALUES (27, 'xuxiaowei', 'region_read', '2022-08-20 02:49:04', NULL);
INSERT INTO `authorities` (`authorities_id`, `username`, `authority`, `create_date`, `update_date`) VALUES (28, 'xuxiaowei', 'dict_delete', '2022-08-23 10:47:05', NULL);
INSERT INTO `authorities` (`authorities_id`, `username`, `authority`, `create_date`, `update_date`) VALUES (29, 'xuxiaowei', 'dict_edit', '2022-08-23 10:47:15', NULL);
INSERT INTO `authorities` (`authorities_id`, `username`, `authority`, `create_date`, `update_date`) VALUES (30, 'xuxiaowei', 'dict_read', '2022-08-23 10:47:24', NULL);
INSERT INTO `authorities` (`authorities_id`, `username`, `authority`, `create_date`, `update_date`) VALUES (31, 'xuxiaowei', 'dict_add', '2022-08-23 22:08:18', NULL);

-- ----------------------------
-- Records of dict
-- ----------------------------
INSERT INTO `dict`(`dict_code`, `dict_explain`, `redis_expire`, `gb`, `gb_url`, `remark`, `create_users_id`, `create_date`, `create_ip`, `update_users_id`, `update_date`, `update_ip`, `deleted`) VALUES ('family_relationship', '家庭关系', 1009, 'GB/T 4761-2008', 'https://openstd.samr.gov.cn/bzgk/gb/newGbInfo?hcno=AC29B8CD5B7CFC6D73405F2F7B7D7F00', NULL, '1', '2022-09-16 21:01:41', '192.168.0.8', NULL, '2022-09-16 21:10:47', NULL, 0);
INSERT INTO `dict`(`dict_code`, `dict_explain`, `redis_expire`, `gb`, `gb_url`, `remark`, `create_users_id`, `create_date`, `create_ip`, `update_users_id`, `update_date`, `update_ip`, `deleted`) VALUES ('sex', '性别', 3606, 'GB/T 2261.1-2003', 'https://openstd.samr.gov.cn/bzgk/gb/newGbInfo?hcno=0FC942D542BC6EE3C707B2647EF81CD8', NULL, '1', '2022-08-23 09:18:44', '127.0.0.1', NULL, NULL, NULL, 0);
INSERT INTO `dict`(`dict_code`, `dict_explain`, `redis_expire`, `gb`, `gb_url`, `remark`, `create_users_id`, `create_date`, `create_ip`, `update_users_id`, `update_date`, `update_ip`, `deleted`) VALUES ('sms_platform', '短信平台', 100, NULL, NULL, NULL, '1', '2022-09-16 06:38:58', '127.0.0.1', NULL, NULL, NULL, 0);
INSERT INTO `dict`(`dict_code`, `dict_explain`, `redis_expire`, `gb`, `gb_url`, `remark`, `create_users_id`, `create_date`, `create_ip`, `update_users_id`, `update_date`, `update_ip`, `deleted`) VALUES ('reset_password_type', '重置密码类型', 4000, NULL, NULL, NULL, '1', '2022-09-21 09:03:17', '127.0.0.1', NULL, NULL, NULL, 0);

-- ----------------------------
-- Records of dict_data
-- ----------------------------
INSERT INTO `dict_data`(`dict_code`, `dict_data_code`, `dict_data_label`, `dict_data_sort`, `dict_data_explain`, `external_code_one`, `external_label_one`, `remark`, `create_users_id`, `create_date`, `create_ip`, `update_users_id`, `update_date`, `update_ip`, `deleted`) VALUES ('family_relationship', '01', '本人', NULL, NULL, NULL, NULL, NULL, '1', '2022-09-16 21:02:22', '127.0.0.1', NULL, NULL, NULL, 0);
INSERT INTO `dict_data`(`dict_code`, `dict_data_code`, `dict_data_label`, `dict_data_sort`, `dict_data_explain`, `external_code_one`, `external_label_one`, `remark`, `create_users_id`, `create_date`, `create_ip`, `update_users_id`, `update_date`, `update_ip`, `deleted`) VALUES ('family_relationship', '02', '户主', NULL, NULL, NULL, NULL, NULL, '1', '2022-09-16 21:08:17', '127.0.0.1', NULL, NULL, NULL, 0);
INSERT INTO `dict_data`(`dict_code`, `dict_data_code`, `dict_data_label`, `dict_data_sort`, `dict_data_explain`, `external_code_one`, `external_label_one`, `remark`, `create_users_id`, `create_date`, `create_ip`, `update_users_id`, `update_date`, `update_ip`, `deleted`) VALUES ('family_relationship', '10', '配偶', NULL, NULL, NULL, NULL, NULL, '1', '2022-09-16 21:08:24', '127.0.0.1', NULL, NULL, NULL, 0);
INSERT INTO `dict_data`(`dict_code`, `dict_data_code`, `dict_data_label`, `dict_data_sort`, `dict_data_explain`, `external_code_one`, `external_label_one`, `remark`, `create_users_id`, `create_date`, `create_ip`, `update_users_id`, `update_date`, `update_ip`, `deleted`) VALUES ('family_relationship', '11', '夫', NULL, NULL, NULL, NULL, NULL, '1', '2022-09-16 21:08:24', '127.0.0.1', NULL, NULL, NULL, 0);
INSERT INTO `dict_data`(`dict_code`, `dict_data_code`, `dict_data_label`, `dict_data_sort`, `dict_data_explain`, `external_code_one`, `external_label_one`, `remark`, `create_users_id`, `create_date`, `create_ip`, `update_users_id`, `update_date`, `update_ip`, `deleted`) VALUES ('family_relationship', '12', '妻', NULL, NULL, NULL, NULL, NULL, '1', '2022-09-16 21:08:24', '127.0.0.1', NULL, NULL, NULL, 0);
INSERT INTO `dict_data`(`dict_code`, `dict_data_code`, `dict_data_label`, `dict_data_sort`, `dict_data_explain`, `external_code_one`, `external_label_one`, `remark`, `create_users_id`, `create_date`, `create_ip`, `update_users_id`, `update_date`, `update_ip`, `deleted`) VALUES ('family_relationship', '20', '子', NULL, NULL, NULL, NULL, NULL, '1', '2022-09-16 21:08:24', '127.0.0.1', NULL, NULL, NULL, 0);
INSERT INTO `dict_data`(`dict_code`, `dict_data_code`, `dict_data_label`, `dict_data_sort`, `dict_data_explain`, `external_code_one`, `external_label_one`, `remark`, `create_users_id`, `create_date`, `create_ip`, `update_users_id`, `update_date`, `update_ip`, `deleted`) VALUES ('family_relationship', '21', '独生子', NULL, NULL, NULL, NULL, NULL, '1', '2022-09-16 21:08:24', '127.0.0.1', NULL, NULL, NULL, 0);
INSERT INTO `dict_data`(`dict_code`, `dict_data_code`, `dict_data_label`, `dict_data_sort`, `dict_data_explain`, `external_code_one`, `external_label_one`, `remark`, `create_users_id`, `create_date`, `create_ip`, `update_users_id`, `update_date`, `update_ip`, `deleted`) VALUES ('family_relationship', '22', '长子', NULL, NULL, NULL, NULL, NULL, '1', '2022-09-16 21:08:24', '127.0.0.1', NULL, NULL, NULL, 0);
INSERT INTO `dict_data`(`dict_code`, `dict_data_code`, `dict_data_label`, `dict_data_sort`, `dict_data_explain`, `external_code_one`, `external_label_one`, `remark`, `create_users_id`, `create_date`, `create_ip`, `update_users_id`, `update_date`, `update_ip`, `deleted`) VALUES ('family_relationship', '23', '次子', NULL, NULL, NULL, NULL, NULL, '1', '2022-09-16 21:08:24', '127.0.0.1', NULL, NULL, NULL, 0);
INSERT INTO `dict_data`(`dict_code`, `dict_data_code`, `dict_data_label`, `dict_data_sort`, `dict_data_explain`, `external_code_one`, `external_label_one`, `remark`, `create_users_id`, `create_date`, `create_ip`, `update_users_id`, `update_date`, `update_ip`, `deleted`) VALUES ('family_relationship', '24', '三子', NULL, NULL, NULL, NULL, NULL, '1', '2022-09-16 21:08:24', '127.0.0.1', NULL, NULL, NULL, 0);
INSERT INTO `dict_data`(`dict_code`, `dict_data_code`, `dict_data_label`, `dict_data_sort`, `dict_data_explain`, `external_code_one`, `external_label_one`, `remark`, `create_users_id`, `create_date`, `create_ip`, `update_users_id`, `update_date`, `update_ip`, `deleted`) VALUES ('family_relationship', '25', '四子', NULL, NULL, NULL, NULL, NULL, '1', '2022-09-16 21:08:24', '127.0.0.1', NULL, NULL, NULL, 0);
INSERT INTO `dict_data`(`dict_code`, `dict_data_code`, `dict_data_label`, `dict_data_sort`, `dict_data_explain`, `external_code_one`, `external_label_one`, `remark`, `create_users_id`, `create_date`, `create_ip`, `update_users_id`, `update_date`, `update_ip`, `deleted`) VALUES ('family_relationship', '26', '五子', NULL, NULL, NULL, NULL, NULL, '1', '2022-09-16 21:08:24', '127.0.0.1', NULL, NULL, NULL, 0);
INSERT INTO `dict_data`(`dict_code`, `dict_data_code`, `dict_data_label`, `dict_data_sort`, `dict_data_explain`, `external_code_one`, `external_label_one`, `remark`, `create_users_id`, `create_date`, `create_ip`, `update_users_id`, `update_date`, `update_ip`, `deleted`) VALUES ('family_relationship', '27', '养子或继子', NULL, NULL, NULL, NULL, NULL, '1', '2022-09-16 21:08:24', '127.0.0.1', NULL, NULL, NULL, 0);
INSERT INTO `dict_data`(`dict_code`, `dict_data_code`, `dict_data_label`, `dict_data_sort`, `dict_data_explain`, `external_code_one`, `external_label_one`, `remark`, `create_users_id`, `create_date`, `create_ip`, `update_users_id`, `update_date`, `update_ip`, `deleted`) VALUES ('family_relationship', '28', '女婿', NULL, NULL, NULL, NULL, NULL, '1', '2022-09-16 21:08:24', '127.0.0.1', NULL, NULL, NULL, 0);
INSERT INTO `dict_data`(`dict_code`, `dict_data_code`, `dict_data_label`, `dict_data_sort`, `dict_data_explain`, `external_code_one`, `external_label_one`, `remark`, `create_users_id`, `create_date`, `create_ip`, `update_users_id`, `update_date`, `update_ip`, `deleted`) VALUES ('family_relationship', '29', '其他儿子', NULL, NULL, NULL, NULL, NULL, '1', '2022-09-16 21:08:24', '127.0.0.1', NULL, NULL, NULL, 0);
INSERT INTO `dict_data`(`dict_code`, `dict_data_code`, `dict_data_label`, `dict_data_sort`, `dict_data_explain`, `external_code_one`, `external_label_one`, `remark`, `create_users_id`, `create_date`, `create_ip`, `update_users_id`, `update_date`, `update_ip`, `deleted`) VALUES ('family_relationship', '30', '女', NULL, NULL, NULL, NULL, NULL, '1', '2022-09-16 21:08:24', '127.0.0.1', NULL, NULL, NULL, 0);
INSERT INTO `dict_data`(`dict_code`, `dict_data_code`, `dict_data_label`, `dict_data_sort`, `dict_data_explain`, `external_code_one`, `external_label_one`, `remark`, `create_users_id`, `create_date`, `create_ip`, `update_users_id`, `update_date`, `update_ip`, `deleted`) VALUES ('family_relationship', '31', '独生女', NULL, NULL, NULL, NULL, NULL, '1', '2022-09-16 21:08:24', '127.0.0.1', NULL, NULL, NULL, 0);
INSERT INTO `dict_data`(`dict_code`, `dict_data_code`, `dict_data_label`, `dict_data_sort`, `dict_data_explain`, `external_code_one`, `external_label_one`, `remark`, `create_users_id`, `create_date`, `create_ip`, `update_users_id`, `update_date`, `update_ip`, `deleted`) VALUES ('family_relationship', '32', '长女', NULL, NULL, NULL, NULL, NULL, '1', '2022-09-16 21:08:24', '127.0.0.1', NULL, NULL, NULL, 0);
INSERT INTO `dict_data`(`dict_code`, `dict_data_code`, `dict_data_label`, `dict_data_sort`, `dict_data_explain`, `external_code_one`, `external_label_one`, `remark`, `create_users_id`, `create_date`, `create_ip`, `update_users_id`, `update_date`, `update_ip`, `deleted`) VALUES ('family_relationship', '33', '次女', NULL, NULL, NULL, NULL, NULL, '1', '2022-09-16 21:08:24', '127.0.0.1', NULL, NULL, NULL, 0);
INSERT INTO `dict_data`(`dict_code`, `dict_data_code`, `dict_data_label`, `dict_data_sort`, `dict_data_explain`, `external_code_one`, `external_label_one`, `remark`, `create_users_id`, `create_date`, `create_ip`, `update_users_id`, `update_date`, `update_ip`, `deleted`) VALUES ('family_relationship', '34', '三女', NULL, NULL, NULL, NULL, NULL, '1', '2022-09-16 21:08:24', '127.0.0.1', NULL, NULL, NULL, 0);
INSERT INTO `dict_data`(`dict_code`, `dict_data_code`, `dict_data_label`, `dict_data_sort`, `dict_data_explain`, `external_code_one`, `external_label_one`, `remark`, `create_users_id`, `create_date`, `create_ip`, `update_users_id`, `update_date`, `update_ip`, `deleted`) VALUES ('family_relationship', '35', '四女', NULL, NULL, NULL, NULL, NULL, '1', '2022-09-16 21:08:24', '127.0.0.1', NULL, NULL, NULL, 0);
INSERT INTO `dict_data`(`dict_code`, `dict_data_code`, `dict_data_label`, `dict_data_sort`, `dict_data_explain`, `external_code_one`, `external_label_one`, `remark`, `create_users_id`, `create_date`, `create_ip`, `update_users_id`, `update_date`, `update_ip`, `deleted`) VALUES ('family_relationship', '36', '五女', NULL, NULL, NULL, NULL, NULL, '1', '2022-09-16 21:08:24', '127.0.0.1', NULL, NULL, NULL, 0);
INSERT INTO `dict_data`(`dict_code`, `dict_data_code`, `dict_data_label`, `dict_data_sort`, `dict_data_explain`, `external_code_one`, `external_label_one`, `remark`, `create_users_id`, `create_date`, `create_ip`, `update_users_id`, `update_date`, `update_ip`, `deleted`) VALUES ('family_relationship', '37', '养女或继女', NULL, NULL, NULL, NULL, NULL, '1', '2022-09-16 21:08:24', '127.0.0.1', NULL, NULL, NULL, 0);
INSERT INTO `dict_data`(`dict_code`, `dict_data_code`, `dict_data_label`, `dict_data_sort`, `dict_data_explain`, `external_code_one`, `external_label_one`, `remark`, `create_users_id`, `create_date`, `create_ip`, `update_users_id`, `update_date`, `update_ip`, `deleted`) VALUES ('family_relationship', '38', '儿媳', NULL, NULL, NULL, NULL, NULL, '1', '2022-09-16 21:08:24', '127.0.0.1', NULL, NULL, NULL, 0);
INSERT INTO `dict_data`(`dict_code`, `dict_data_code`, `dict_data_label`, `dict_data_sort`, `dict_data_explain`, `external_code_one`, `external_label_one`, `remark`, `create_users_id`, `create_date`, `create_ip`, `update_users_id`, `update_date`, `update_ip`, `deleted`) VALUES ('family_relationship', '39', '其他女儿', NULL, NULL, NULL, NULL, NULL, '1', '2022-09-16 21:08:24', '127.0.0.1', NULL, NULL, NULL, 0);
INSERT INTO `dict_data`(`dict_code`, `dict_data_code`, `dict_data_label`, `dict_data_sort`, `dict_data_explain`, `external_code_one`, `external_label_one`, `remark`, `create_users_id`, `create_date`, `create_ip`, `update_users_id`, `update_date`, `update_ip`, `deleted`) VALUES ('family_relationship', '40', '孙子、孙女或外孙子、外孙女', NULL, NULL, NULL, NULL, NULL, '1', '2022-09-16 21:08:24', '127.0.0.1', NULL, NULL, NULL, 0);
INSERT INTO `dict_data`(`dict_code`, `dict_data_code`, `dict_data_label`, `dict_data_sort`, `dict_data_explain`, `external_code_one`, `external_label_one`, `remark`, `create_users_id`, `create_date`, `create_ip`, `update_users_id`, `update_date`, `update_ip`, `deleted`) VALUES ('family_relationship', '41', '孙子', NULL, NULL, NULL, NULL, NULL, '1', '2022-09-16 21:08:24', '127.0.0.1', NULL, NULL, NULL, 0);
INSERT INTO `dict_data`(`dict_code`, `dict_data_code`, `dict_data_label`, `dict_data_sort`, `dict_data_explain`, `external_code_one`, `external_label_one`, `remark`, `create_users_id`, `create_date`, `create_ip`, `update_users_id`, `update_date`, `update_ip`, `deleted`) VALUES ('family_relationship', '42', '孙女', NULL, NULL, NULL, NULL, NULL, '1', '2022-09-16 21:08:24', '127.0.0.1', NULL, NULL, NULL, 0);
INSERT INTO `dict_data`(`dict_code`, `dict_data_code`, `dict_data_label`, `dict_data_sort`, `dict_data_explain`, `external_code_one`, `external_label_one`, `remark`, `create_users_id`, `create_date`, `create_ip`, `update_users_id`, `update_date`, `update_ip`, `deleted`) VALUES ('family_relationship', '43', '外孙子', NULL, NULL, NULL, NULL, NULL, '1', '2022-09-16 21:08:24', '127.0.0.1', NULL, NULL, NULL, 0);
INSERT INTO `dict_data`(`dict_code`, `dict_data_code`, `dict_data_label`, `dict_data_sort`, `dict_data_explain`, `external_code_one`, `external_label_one`, `remark`, `create_users_id`, `create_date`, `create_ip`, `update_users_id`, `update_date`, `update_ip`, `deleted`) VALUES ('family_relationship', '44', '外岁女', NULL, NULL, NULL, NULL, NULL, '1', '2022-09-16 21:08:24', '127.0.0.1', NULL, NULL, NULL, 0);
INSERT INTO `dict_data`(`dict_code`, `dict_data_code`, `dict_data_label`, `dict_data_sort`, `dict_data_explain`, `external_code_one`, `external_label_one`, `remark`, `create_users_id`, `create_date`, `create_ip`, `update_users_id`, `update_date`, `update_ip`, `deleted`) VALUES ('family_relationship', '45', '孙媳妇或外孙媳妇', NULL, NULL, NULL, NULL, NULL, '1', '2022-09-16 21:08:24', '127.0.0.1', NULL, NULL, NULL, 0);
INSERT INTO `dict_data`(`dict_code`, `dict_data_code`, `dict_data_label`, `dict_data_sort`, `dict_data_explain`, `external_code_one`, `external_label_one`, `remark`, `create_users_id`, `create_date`, `create_ip`, `update_users_id`, `update_date`, `update_ip`, `deleted`) VALUES ('family_relationship', '46', '孙女婿或外孙女婿', NULL, NULL, NULL, NULL, NULL, '1', '2022-09-16 21:08:24', '127.0.0.1', NULL, NULL, NULL, 0);
INSERT INTO `dict_data`(`dict_code`, `dict_data_code`, `dict_data_label`, `dict_data_sort`, `dict_data_explain`, `external_code_one`, `external_label_one`, `remark`, `create_users_id`, `create_date`, `create_ip`, `update_users_id`, `update_date`, `update_ip`, `deleted`) VALUES ('family_relationship', '47', '曾孙子或外曾孙子', NULL, NULL, NULL, NULL, NULL, '1', '2022-09-16 21:08:24', '127.0.0.1', NULL, NULL, NULL, 0);
INSERT INTO `dict_data`(`dict_code`, `dict_data_code`, `dict_data_label`, `dict_data_sort`, `dict_data_explain`, `external_code_one`, `external_label_one`, `remark`, `create_users_id`, `create_date`, `create_ip`, `update_users_id`, `update_date`, `update_ip`, `deleted`) VALUES ('family_relationship', '48', '曾孙女或外曾孙女', NULL, NULL, NULL, NULL, NULL, '1', '2022-09-16 21:08:24', '127.0.0.1', NULL, NULL, NULL, 0);
INSERT INTO `dict_data`(`dict_code`, `dict_data_code`, `dict_data_label`, `dict_data_sort`, `dict_data_explain`, `external_code_one`, `external_label_one`, `remark`, `create_users_id`, `create_date`, `create_ip`, `update_users_id`, `update_date`, `update_ip`, `deleted`) VALUES ('family_relationship', '49', '其他穗子、孙女或外孙子、外孙女', NULL, NULL, NULL, NULL, NULL, '1', '2022-09-16 21:08:24', '127.0.0.1', NULL, NULL, NULL, 0);
INSERT INTO `dict_data`(`dict_code`, `dict_data_code`, `dict_data_label`, `dict_data_sort`, `dict_data_explain`, `external_code_one`, `external_label_one`, `remark`, `create_users_id`, `create_date`, `create_ip`, `update_users_id`, `update_date`, `update_ip`, `deleted`) VALUES ('family_relationship', '50', '父母', NULL, NULL, NULL, NULL, NULL, '1', '2022-09-16 21:08:24', '127.0.0.1', NULL, NULL, NULL, 0);
INSERT INTO `dict_data`(`dict_code`, `dict_data_code`, `dict_data_label`, `dict_data_sort`, `dict_data_explain`, `external_code_one`, `external_label_one`, `remark`, `create_users_id`, `create_date`, `create_ip`, `update_users_id`, `update_date`, `update_ip`, `deleted`) VALUES ('family_relationship', '51', '父亲', NULL, NULL, NULL, NULL, NULL, '1', '2022-09-16 21:08:24', '127.0.0.1', NULL, NULL, NULL, 0);
INSERT INTO `dict_data`(`dict_code`, `dict_data_code`, `dict_data_label`, `dict_data_sort`, `dict_data_explain`, `external_code_one`, `external_label_one`, `remark`, `create_users_id`, `create_date`, `create_ip`, `update_users_id`, `update_date`, `update_ip`, `deleted`) VALUES ('family_relationship', '52', '母亲', NULL, NULL, NULL, NULL, NULL, '1', '2022-09-16 21:08:24', '127.0.0.1', NULL, NULL, NULL, 0);
INSERT INTO `dict_data`(`dict_code`, `dict_data_code`, `dict_data_label`, `dict_data_sort`, `dict_data_explain`, `external_code_one`, `external_label_one`, `remark`, `create_users_id`, `create_date`, `create_ip`, `update_users_id`, `update_date`, `update_ip`, `deleted`) VALUES ('family_relationship', '53', '公公', NULL, NULL, NULL, NULL, NULL, '1', '2022-09-16 21:08:24', '127.0.0.1', NULL, NULL, NULL, 0);
INSERT INTO `dict_data`(`dict_code`, `dict_data_code`, `dict_data_label`, `dict_data_sort`, `dict_data_explain`, `external_code_one`, `external_label_one`, `remark`, `create_users_id`, `create_date`, `create_ip`, `update_users_id`, `update_date`, `update_ip`, `deleted`) VALUES ('family_relationship', '54', '婆婆', NULL, NULL, NULL, NULL, NULL, '1', '2022-09-16 21:08:24', '127.0.0.1', NULL, NULL, NULL, 0);
INSERT INTO `dict_data`(`dict_code`, `dict_data_code`, `dict_data_label`, `dict_data_sort`, `dict_data_explain`, `external_code_one`, `external_label_one`, `remark`, `create_users_id`, `create_date`, `create_ip`, `update_users_id`, `update_date`, `update_ip`, `deleted`) VALUES ('family_relationship', '55', '岳父', NULL, NULL, NULL, NULL, NULL, '1', '2022-09-16 21:08:24', '127.0.0.1', NULL, NULL, NULL, 0);
INSERT INTO `dict_data`(`dict_code`, `dict_data_code`, `dict_data_label`, `dict_data_sort`, `dict_data_explain`, `external_code_one`, `external_label_one`, `remark`, `create_users_id`, `create_date`, `create_ip`, `update_users_id`, `update_date`, `update_ip`, `deleted`) VALUES ('family_relationship', '56', '岳母', NULL, NULL, NULL, NULL, NULL, '1', '2022-09-16 21:08:24', '127.0.0.1', NULL, NULL, NULL, 0);
INSERT INTO `dict_data`(`dict_code`, `dict_data_code`, `dict_data_label`, `dict_data_sort`, `dict_data_explain`, `external_code_one`, `external_label_one`, `remark`, `create_users_id`, `create_date`, `create_ip`, `update_users_id`, `update_date`, `update_ip`, `deleted`) VALUES ('family_relationship', '57', '继父或养父', NULL, NULL, NULL, NULL, NULL, '1', '2022-09-16 21:08:24', '127.0.0.1', NULL, NULL, NULL, 0);
INSERT INTO `dict_data`(`dict_code`, `dict_data_code`, `dict_data_label`, `dict_data_sort`, `dict_data_explain`, `external_code_one`, `external_label_one`, `remark`, `create_users_id`, `create_date`, `create_ip`, `update_users_id`, `update_date`, `update_ip`, `deleted`) VALUES ('family_relationship', '58', '继母或养母', NULL, NULL, NULL, NULL, NULL, '1', '2022-09-16 21:08:24', '127.0.0.1', NULL, NULL, NULL, 0);
INSERT INTO `dict_data`(`dict_code`, `dict_data_code`, `dict_data_label`, `dict_data_sort`, `dict_data_explain`, `external_code_one`, `external_label_one`, `remark`, `create_users_id`, `create_date`, `create_ip`, `update_users_id`, `update_date`, `update_ip`, `deleted`) VALUES ('family_relationship', '59', '其他父母关系', NULL, NULL, NULL, NULL, NULL, '1', '2022-09-16 21:08:24', '127.0.0.1', NULL, NULL, NULL, 0);
INSERT INTO `dict_data`(`dict_code`, `dict_data_code`, `dict_data_label`, `dict_data_sort`, `dict_data_explain`, `external_code_one`, `external_label_one`, `remark`, `create_users_id`, `create_date`, `create_ip`, `update_users_id`, `update_date`, `update_ip`, `deleted`) VALUES ('family_relationship', '60', '祖父母或外祖父母', NULL, NULL, NULL, NULL, NULL, '1', '2022-09-16 21:08:24', '127.0.0.1', NULL, NULL, NULL, 0);
INSERT INTO `dict_data`(`dict_code`, `dict_data_code`, `dict_data_label`, `dict_data_sort`, `dict_data_explain`, `external_code_one`, `external_label_one`, `remark`, `create_users_id`, `create_date`, `create_ip`, `update_users_id`, `update_date`, `update_ip`, `deleted`) VALUES ('family_relationship', '61', '祖父', NULL, NULL, NULL, NULL, NULL, '1', '2022-09-16 21:08:24', '127.0.0.1', NULL, NULL, NULL, 0);
INSERT INTO `dict_data`(`dict_code`, `dict_data_code`, `dict_data_label`, `dict_data_sort`, `dict_data_explain`, `external_code_one`, `external_label_one`, `remark`, `create_users_id`, `create_date`, `create_ip`, `update_users_id`, `update_date`, `update_ip`, `deleted`) VALUES ('family_relationship', '62', '祖母', NULL, NULL, NULL, NULL, NULL, '1', '2022-09-16 21:08:24', '127.0.0.1', NULL, NULL, NULL, 0);
INSERT INTO `dict_data`(`dict_code`, `dict_data_code`, `dict_data_label`, `dict_data_sort`, `dict_data_explain`, `external_code_one`, `external_label_one`, `remark`, `create_users_id`, `create_date`, `create_ip`, `update_users_id`, `update_date`, `update_ip`, `deleted`) VALUES ('family_relationship', '63', '外祖父', NULL, NULL, NULL, NULL, NULL, '1', '2022-09-16 21:08:24', '127.0.0.1', NULL, NULL, NULL, 0);
INSERT INTO `dict_data`(`dict_code`, `dict_data_code`, `dict_data_label`, `dict_data_sort`, `dict_data_explain`, `external_code_one`, `external_label_one`, `remark`, `create_users_id`, `create_date`, `create_ip`, `update_users_id`, `update_date`, `update_ip`, `deleted`) VALUES ('family_relationship', '64', '外祖母', NULL, NULL, NULL, NULL, NULL, '1', '2022-09-16 21:08:24', '127.0.0.1', NULL, NULL, NULL, 0);
INSERT INTO `dict_data`(`dict_code`, `dict_data_code`, `dict_data_label`, `dict_data_sort`, `dict_data_explain`, `external_code_one`, `external_label_one`, `remark`, `create_users_id`, `create_date`, `create_ip`, `update_users_id`, `update_date`, `update_ip`, `deleted`) VALUES ('family_relationship', '65', '配偶的祖父母或外祖父母', NULL, NULL, NULL, NULL, NULL, '1', '2022-09-16 21:08:24', '127.0.0.1', NULL, NULL, NULL, 0);
INSERT INTO `dict_data`(`dict_code`, `dict_data_code`, `dict_data_label`, `dict_data_sort`, `dict_data_explain`, `external_code_one`, `external_label_one`, `remark`, `create_users_id`, `create_date`, `create_ip`, `update_users_id`, `update_date`, `update_ip`, `deleted`) VALUES ('family_relationship', '66', '曾祖父', NULL, NULL, NULL, NULL, NULL, '1', '2022-09-16 21:08:24', '127.0.0.1', NULL, NULL, NULL, 0);
INSERT INTO `dict_data`(`dict_code`, `dict_data_code`, `dict_data_label`, `dict_data_sort`, `dict_data_explain`, `external_code_one`, `external_label_one`, `remark`, `create_users_id`, `create_date`, `create_ip`, `update_users_id`, `update_date`, `update_ip`, `deleted`) VALUES ('family_relationship', '67', '曾祖母', NULL, NULL, NULL, NULL, NULL, '1', '2022-09-16 21:08:24', '127.0.0.1', NULL, NULL, NULL, 0);
INSERT INTO `dict_data`(`dict_code`, `dict_data_code`, `dict_data_label`, `dict_data_sort`, `dict_data_explain`, `external_code_one`, `external_label_one`, `remark`, `create_users_id`, `create_date`, `create_ip`, `update_users_id`, `update_date`, `update_ip`, `deleted`) VALUES ('family_relationship', '68', '配偶的曾祖父母或外曾祖父母', NULL, NULL, NULL, NULL, NULL, '1', '2022-09-16 21:08:24', '127.0.0.1', NULL, NULL, NULL, 0);
INSERT INTO `dict_data`(`dict_code`, `dict_data_code`, `dict_data_label`, `dict_data_sort`, `dict_data_explain`, `external_code_one`, `external_label_one`, `remark`, `create_users_id`, `create_date`, `create_ip`, `update_users_id`, `update_date`, `update_ip`, `deleted`) VALUES ('family_relationship', '69', '其他祖父母或外祖父母关系', NULL, NULL, NULL, NULL, NULL, '1', '2022-09-16 21:08:24', '127.0.0.1', NULL, NULL, NULL, 0);
INSERT INTO `dict_data`(`dict_code`, `dict_data_code`, `dict_data_label`, `dict_data_sort`, `dict_data_explain`, `external_code_one`, `external_label_one`, `remark`, `create_users_id`, `create_date`, `create_ip`, `update_users_id`, `update_date`, `update_ip`, `deleted`) VALUES ('family_relationship', '70', '兄弟姐妹', NULL, NULL, NULL, NULL, NULL, '1', '2022-09-16 21:08:24', '127.0.0.1', NULL, NULL, NULL, 0);
INSERT INTO `dict_data`(`dict_code`, `dict_data_code`, `dict_data_label`, `dict_data_sort`, `dict_data_explain`, `external_code_one`, `external_label_one`, `remark`, `create_users_id`, `create_date`, `create_ip`, `update_users_id`, `update_date`, `update_ip`, `deleted`) VALUES ('family_relationship', '71', '兄', NULL, NULL, NULL, NULL, NULL, '1', '2022-09-16 21:08:24', '127.0.0.1', NULL, NULL, NULL, 0);
INSERT INTO `dict_data`(`dict_code`, `dict_data_code`, `dict_data_label`, `dict_data_sort`, `dict_data_explain`, `external_code_one`, `external_label_one`, `remark`, `create_users_id`, `create_date`, `create_ip`, `update_users_id`, `update_date`, `update_ip`, `deleted`) VALUES ('family_relationship', '72', '嫂', NULL, NULL, NULL, NULL, NULL, '1', '2022-09-16 21:08:24', '127.0.0.1', NULL, NULL, NULL, 0);
INSERT INTO `dict_data`(`dict_code`, `dict_data_code`, `dict_data_label`, `dict_data_sort`, `dict_data_explain`, `external_code_one`, `external_label_one`, `remark`, `create_users_id`, `create_date`, `create_ip`, `update_users_id`, `update_date`, `update_ip`, `deleted`) VALUES ('family_relationship', '73', '弟', NULL, NULL, NULL, NULL, NULL, '1', '2022-09-16 21:08:24', '127.0.0.1', NULL, NULL, NULL, 0);
INSERT INTO `dict_data`(`dict_code`, `dict_data_code`, `dict_data_label`, `dict_data_sort`, `dict_data_explain`, `external_code_one`, `external_label_one`, `remark`, `create_users_id`, `create_date`, `create_ip`, `update_users_id`, `update_date`, `update_ip`, `deleted`) VALUES ('family_relationship', '74', '弟媳', NULL, NULL, NULL, NULL, NULL, '1', '2022-09-16 21:08:24', '127.0.0.1', NULL, NULL, NULL, 0);
INSERT INTO `dict_data`(`dict_code`, `dict_data_code`, `dict_data_label`, `dict_data_sort`, `dict_data_explain`, `external_code_one`, `external_label_one`, `remark`, `create_users_id`, `create_date`, `create_ip`, `update_users_id`, `update_date`, `update_ip`, `deleted`) VALUES ('family_relationship', '75', '姐姐', NULL, NULL, NULL, NULL, NULL, '1', '2022-09-16 21:08:24', '127.0.0.1', NULL, NULL, NULL, 0);
INSERT INTO `dict_data`(`dict_code`, `dict_data_code`, `dict_data_label`, `dict_data_sort`, `dict_data_explain`, `external_code_one`, `external_label_one`, `remark`, `create_users_id`, `create_date`, `create_ip`, `update_users_id`, `update_date`, `update_ip`, `deleted`) VALUES ('family_relationship', '76', '姐夫', NULL, NULL, NULL, NULL, NULL, '1', '2022-09-16 21:08:24', '127.0.0.1', NULL, NULL, NULL, 0);
INSERT INTO `dict_data`(`dict_code`, `dict_data_code`, `dict_data_label`, `dict_data_sort`, `dict_data_explain`, `external_code_one`, `external_label_one`, `remark`, `create_users_id`, `create_date`, `create_ip`, `update_users_id`, `update_date`, `update_ip`, `deleted`) VALUES ('family_relationship', '77', '妹妹', NULL, NULL, NULL, NULL, NULL, '1', '2022-09-16 21:08:24', '127.0.0.1', NULL, NULL, NULL, 0);
INSERT INTO `dict_data`(`dict_code`, `dict_data_code`, `dict_data_label`, `dict_data_sort`, `dict_data_explain`, `external_code_one`, `external_label_one`, `remark`, `create_users_id`, `create_date`, `create_ip`, `update_users_id`, `update_date`, `update_ip`, `deleted`) VALUES ('family_relationship', '78', '妹夫', NULL, NULL, NULL, NULL, NULL, '1', '2022-09-16 21:08:24', '127.0.0.1', NULL, NULL, NULL, 0);
INSERT INTO `dict_data`(`dict_code`, `dict_data_code`, `dict_data_label`, `dict_data_sort`, `dict_data_explain`, `external_code_one`, `external_label_one`, `remark`, `create_users_id`, `create_date`, `create_ip`, `update_users_id`, `update_date`, `update_ip`, `deleted`) VALUES ('family_relationship', '79', '其他兄弟姐妹', NULL, NULL, NULL, NULL, NULL, '1', '2022-09-16 21:08:24', '127.0.0.1', NULL, NULL, NULL, 0);
INSERT INTO `dict_data`(`dict_code`, `dict_data_code`, `dict_data_label`, `dict_data_sort`, `dict_data_explain`, `external_code_one`, `external_label_one`, `remark`, `create_users_id`, `create_date`, `create_ip`, `update_users_id`, `update_date`, `update_ip`, `deleted`) VALUES ('family_relationship', '80', '其他', NULL, NULL, NULL, NULL, NULL, '1', '2022-09-16 21:08:24', '127.0.0.1', NULL, NULL, NULL, 0);
INSERT INTO `dict_data`(`dict_code`, `dict_data_code`, `dict_data_label`, `dict_data_sort`, `dict_data_explain`, `external_code_one`, `external_label_one`, `remark`, `create_users_id`, `create_date`, `create_ip`, `update_users_id`, `update_date`, `update_ip`, `deleted`) VALUES ('family_relationship', '81', '伯父', NULL, NULL, NULL, NULL, NULL, '1', '2022-09-16 21:08:24', '127.0.0.1', NULL, NULL, NULL, 0);
INSERT INTO `dict_data`(`dict_code`, `dict_data_code`, `dict_data_label`, `dict_data_sort`, `dict_data_explain`, `external_code_one`, `external_label_one`, `remark`, `create_users_id`, `create_date`, `create_ip`, `update_users_id`, `update_date`, `update_ip`, `deleted`) VALUES ('family_relationship', '82', '伯母', NULL, NULL, NULL, NULL, NULL, '1', '2022-09-16 21:08:24', '127.0.0.1', NULL, NULL, NULL, 0);
INSERT INTO `dict_data`(`dict_code`, `dict_data_code`, `dict_data_label`, `dict_data_sort`, `dict_data_explain`, `external_code_one`, `external_label_one`, `remark`, `create_users_id`, `create_date`, `create_ip`, `update_users_id`, `update_date`, `update_ip`, `deleted`) VALUES ('family_relationship', '83', '叔父', NULL, NULL, NULL, NULL, NULL, '1', '2022-09-16 21:08:24', '127.0.0.1', NULL, NULL, NULL, 0);
INSERT INTO `dict_data`(`dict_code`, `dict_data_code`, `dict_data_label`, `dict_data_sort`, `dict_data_explain`, `external_code_one`, `external_label_one`, `remark`, `create_users_id`, `create_date`, `create_ip`, `update_users_id`, `update_date`, `update_ip`, `deleted`) VALUES ('family_relationship', '84', '婶母', NULL, NULL, NULL, NULL, NULL, '1', '2022-09-16 21:08:24', '127.0.0.1', NULL, NULL, NULL, 0);
INSERT INTO `dict_data`(`dict_code`, `dict_data_code`, `dict_data_label`, `dict_data_sort`, `dict_data_explain`, `external_code_one`, `external_label_one`, `remark`, `create_users_id`, `create_date`, `create_ip`, `update_users_id`, `update_date`, `update_ip`, `deleted`) VALUES ('family_relationship', '85', '舅父', NULL, NULL, NULL, NULL, NULL, '1', '2022-09-16 21:08:24', '127.0.0.1', NULL, NULL, NULL, 0);
INSERT INTO `dict_data`(`dict_code`, `dict_data_code`, `dict_data_label`, `dict_data_sort`, `dict_data_explain`, `external_code_one`, `external_label_one`, `remark`, `create_users_id`, `create_date`, `create_ip`, `update_users_id`, `update_date`, `update_ip`, `deleted`) VALUES ('family_relationship', '86', '舅母', NULL, NULL, NULL, NULL, NULL, '1', '2022-09-16 21:08:24', '127.0.0.1', NULL, NULL, NULL, 0);
INSERT INTO `dict_data`(`dict_code`, `dict_data_code`, `dict_data_label`, `dict_data_sort`, `dict_data_explain`, `external_code_one`, `external_label_one`, `remark`, `create_users_id`, `create_date`, `create_ip`, `update_users_id`, `update_date`, `update_ip`, `deleted`) VALUES ('family_relationship', '87', '姨夫', NULL, NULL, NULL, NULL, NULL, '1', '2022-09-16 21:08:24', '127.0.0.1', NULL, NULL, NULL, 0);
INSERT INTO `dict_data`(`dict_code`, `dict_data_code`, `dict_data_label`, `dict_data_sort`, `dict_data_explain`, `external_code_one`, `external_label_one`, `remark`, `create_users_id`, `create_date`, `create_ip`, `update_users_id`, `update_date`, `update_ip`, `deleted`) VALUES ('family_relationship', '88', '姨母', NULL, NULL, NULL, NULL, NULL, '1', '2022-09-16 21:08:24', '127.0.0.1', NULL, NULL, NULL, 0);
INSERT INTO `dict_data`(`dict_code`, `dict_data_code`, `dict_data_label`, `dict_data_sort`, `dict_data_explain`, `external_code_one`, `external_label_one`, `remark`, `create_users_id`, `create_date`, `create_ip`, `update_users_id`, `update_date`, `update_ip`, `deleted`) VALUES ('family_relationship', '89', '姑父', NULL, NULL, NULL, NULL, NULL, '1', '2022-09-16 21:08:24', '127.0.0.1', NULL, NULL, NULL, 0);
INSERT INTO `dict_data`(`dict_code`, `dict_data_code`, `dict_data_label`, `dict_data_sort`, `dict_data_explain`, `external_code_one`, `external_label_one`, `remark`, `create_users_id`, `create_date`, `create_ip`, `update_users_id`, `update_date`, `update_ip`, `deleted`) VALUES ('family_relationship', '90', '姑母', NULL, NULL, NULL, NULL, NULL, '1', '2022-09-16 21:08:24', '127.0.0.1', NULL, NULL, NULL, 0);
INSERT INTO `dict_data`(`dict_code`, `dict_data_code`, `dict_data_label`, `dict_data_sort`, `dict_data_explain`, `external_code_one`, `external_label_one`, `remark`, `create_users_id`, `create_date`, `create_ip`, `update_users_id`, `update_date`, `update_ip`, `deleted`) VALUES ('family_relationship', '91', '堂兄弟、堂姐妹', NULL, NULL, NULL, NULL, NULL, '1', '2022-09-16 21:08:24', '127.0.0.1', NULL, NULL, NULL, 0);
INSERT INTO `dict_data`(`dict_code`, `dict_data_code`, `dict_data_label`, `dict_data_sort`, `dict_data_explain`, `external_code_one`, `external_label_one`, `remark`, `create_users_id`, `create_date`, `create_ip`, `update_users_id`, `update_date`, `update_ip`, `deleted`) VALUES ('family_relationship', '92', '表兄弟、表姐妹', NULL, NULL, NULL, NULL, NULL, '1', '2022-09-16 21:08:24', '127.0.0.1', NULL, NULL, NULL, 0);
INSERT INTO `dict_data`(`dict_code`, `dict_data_code`, `dict_data_label`, `dict_data_sort`, `dict_data_explain`, `external_code_one`, `external_label_one`, `remark`, `create_users_id`, `create_date`, `create_ip`, `update_users_id`, `update_date`, `update_ip`, `deleted`) VALUES ('family_relationship', '93', '侄子', NULL, NULL, NULL, NULL, NULL, '1', '2022-09-16 21:08:24', '127.0.0.1', NULL, NULL, NULL, 0);
INSERT INTO `dict_data`(`dict_code`, `dict_data_code`, `dict_data_label`, `dict_data_sort`, `dict_data_explain`, `external_code_one`, `external_label_one`, `remark`, `create_users_id`, `create_date`, `create_ip`, `update_users_id`, `update_date`, `update_ip`, `deleted`) VALUES ('family_relationship', '94', '侄女', NULL, NULL, NULL, NULL, NULL, '1', '2022-09-16 21:08:24', '127.0.0.1', NULL, NULL, NULL, 0);
INSERT INTO `dict_data`(`dict_code`, `dict_data_code`, `dict_data_label`, `dict_data_sort`, `dict_data_explain`, `external_code_one`, `external_label_one`, `remark`, `create_users_id`, `create_date`, `create_ip`, `update_users_id`, `update_date`, `update_ip`, `deleted`) VALUES ('family_relationship', '95', '外甥', NULL, NULL, NULL, NULL, NULL, '1', '2022-09-16 21:08:24', '127.0.0.1', NULL, NULL, NULL, 0);
INSERT INTO `dict_data`(`dict_code`, `dict_data_code`, `dict_data_label`, `dict_data_sort`, `dict_data_explain`, `external_code_one`, `external_label_one`, `remark`, `create_users_id`, `create_date`, `create_ip`, `update_users_id`, `update_date`, `update_ip`, `deleted`) VALUES ('family_relationship', '96', '外甥女', NULL, NULL, NULL, NULL, NULL, '1', '2022-09-16 21:08:24', '127.0.0.1', NULL, NULL, NULL, 0);
INSERT INTO `dict_data`(`dict_code`, `dict_data_code`, `dict_data_label`, `dict_data_sort`, `dict_data_explain`, `external_code_one`, `external_label_one`, `remark`, `create_users_id`, `create_date`, `create_ip`, `update_users_id`, `update_date`, `update_ip`, `deleted`) VALUES ('family_relationship', '97', '其他亲戚', NULL, NULL, NULL, NULL, NULL, '1', '2022-09-16 21:08:24', '127.0.0.1', NULL, NULL, NULL, 0);
INSERT INTO `dict_data`(`dict_code`, `dict_data_code`, `dict_data_label`, `dict_data_sort`, `dict_data_explain`, `external_code_one`, `external_label_one`, `remark`, `create_users_id`, `create_date`, `create_ip`, `update_users_id`, `update_date`, `update_ip`, `deleted`) VALUES ('family_relationship', '99', '非亲属', NULL, NULL, NULL, NULL, NULL, '1', '2022-09-16 21:08:24', '127.0.0.1', NULL, NULL, NULL, 0);
INSERT INTO `dict_data`(`dict_code`, `dict_data_code`, `dict_data_label`, `dict_data_sort`, `dict_data_explain`, `external_code_one`, `external_label_one`, `remark`, `create_users_id`, `create_date`, `create_ip`, `update_users_id`, `update_date`, `update_ip`, `deleted`) VALUES ('sex', '0', '未知', 0, '未知的性别', NULL, NULL, NULL, '1', '2022-08-23 09:22:46', '127.0.0.1', NULL, NULL, NULL, 0);
INSERT INTO `dict_data`(`dict_code`, `dict_data_code`, `dict_data_label`, `dict_data_sort`, `dict_data_explain`, `external_code_one`, `external_label_one`, `remark`, `create_users_id`, `create_date`, `create_ip`, `update_users_id`, `update_date`, `update_ip`, `deleted`) VALUES ('sex', '1', '男', 1, '男性', NULL, NULL, NULL, '1', '2022-08-23 09:22:46', '127.0.0.1', NULL, NULL, NULL, 0);
INSERT INTO `dict_data`(`dict_code`, `dict_data_code`, `dict_data_label`, `dict_data_sort`, `dict_data_explain`, `external_code_one`, `external_label_one`, `remark`, `create_users_id`, `create_date`, `create_ip`, `update_users_id`, `update_date`, `update_ip`, `deleted`) VALUES ('sex', '2', '女', 2, '女性', NULL, NULL, NULL, '1', '2022-08-23 09:22:46', '127.0.0.1', NULL, NULL, NULL, 0);
INSERT INTO `dict_data`(`dict_code`, `dict_data_code`, `dict_data_label`, `dict_data_sort`, `dict_data_explain`, `external_code_one`, `external_label_one`, `remark`, `create_users_id`, `create_date`, `create_ip`, `update_users_id`, `update_date`, `update_ip`, `deleted`) VALUES ('sex', '9', '未说明', 3, '未说明的性别', NULL, NULL, NULL, '1', '2022-08-23 09:23:50', '127.0.0.1', NULL, NULL, NULL, 0);
INSERT INTO `dict_data`(`dict_code`, `dict_data_code`, `dict_data_label`, `dict_data_sort`, `dict_data_explain`, `external_code_one`, `external_label_one`, `remark`, `create_users_id`, `create_date`, `create_ip`, `update_users_id`, `update_date`, `update_ip`, `deleted`) VALUES ('sms_platform', '1', '阿里云短信', NULL, NULL, NULL, NULL, NULL, '1', '2022-09-16 07:54:18', '127.0.0.1', NULL, NULL, NULL, 0);
INSERT INTO `dict_data`(`dict_code`, `dict_data_code`, `dict_data_label`, `dict_data_sort`, `dict_data_explain`, `external_code_one`, `external_label_one`, `remark`, `create_users_id`, `create_date`, `create_ip`, `update_users_id`, `update_date`, `update_ip`, `deleted`) VALUES ('reset_password_type', '1', '管理员重置密码', NULL, '管理员重置密码', NULL, NULL, NULL, '1', '2022-09-21 09:05:58', '127.0.0.1', NULL, '2022-09-21 09:06:46', NULL, 0);
INSERT INTO `dict_data`(`dict_code`, `dict_data_code`, `dict_data_label`, `dict_data_sort`, `dict_data_explain`, `external_code_one`, `external_label_one`, `remark`, `create_users_id`, `create_date`, `create_ip`, `update_users_id`, `update_date`, `update_ip`, `deleted`) VALUES ('reset_password_type', '2', '用邮件找回密码', NULL, '用邮件找回密码', NULL, NULL, NULL, '1', '2022-09-21 09:04:41', '127.0.0.1', NULL, '2022-09-21 09:19:28', NULL, 0);
INSERT INTO `dict_data`(`dict_code`, `dict_data_code`, `dict_data_label`, `dict_data_sort`, `dict_data_explain`, `external_code_one`, `external_label_one`, `remark`, `create_users_id`, `create_date`, `create_ip`, `update_users_id`, `update_date`, `update_ip`, `deleted`) VALUES ('reset_password_type', '3', '用手机号找回密码', NULL, '用手机号找回密码', NULL, NULL, NULL, '1', '2022-09-21 09:05:24', '127.0.0.1', NULL, '2022-09-21 09:19:31', NULL, 0);
INSERT INTO `dict_data`(`dict_code`, `dict_data_code`, `dict_data_label`, `dict_data_sort`, `dict_data_explain`, `external_code_one`, `external_label_one`, `remark`, `create_users_id`, `create_date`, `create_ip`, `update_users_id`, `update_date`, `update_ip`, `deleted`) VALUES ('reset_password_type', '4', '用户重置密码', NULL, '用户重置密码', NULL, NULL, NULL, '1', '2022-09-21 09:18:45', '127.0.0.1', NULL, NULL, NULL, 0);

-- ----------------------------
-- Records of oauth2_registered_client
-- ----------------------------
INSERT INTO `oauth2_registered_client` (`id`, `client_id`, `client_id_issued_at`, `client_secret`, `client_secret_expires_at`, `client_name`, `client_authentication_methods`, `authorization_grant_types`, `redirect_uris`, `scopes`, `client_settings`, `token_settings`) VALUES ('1', 'xuxiaowei_client_id', '2022-05-30 17:17:41', '{bcrypt}$2a$10$s/3CEiHunH9wo2qr7JfeD.SRa8kK2Y8lOriHWrWhidQX3hyhuORlO', NULL, '2bf94b1e-7b69-4370-86b0-73f402ddbdb7', 'client_secret_post,client_secret_basic', 'refresh_token,implicit,client_credentials,authorization_code', 'http://127.0.0.1:1401/code,http://gateway.example.xuxiaowei.cloud:1101/passport/code,https://gateway.example.xuxiaowei.cloud/passport/code', 'snsapi_base,snsapi_info', '{\"@class\":\"java.util.Collections$UnmodifiableMap\",\"settings.client.require-proof-key\":false,\"settings.client.require-authorization-consent\":false}', '{\"@class\":\"java.util.Collections$UnmodifiableMap\",\"settings.token.reuse-refresh-tokens\":true,\"settings.token.id-token-signature-algorithm\":[\"org.springframework.security.oauth2.jose.jws.SignatureAlgorithm\",\"RS256\"],\"settings.token.access-token-time-to-live\":[\"java.time.Duration\",43200.000000000],\"settings.token.access-token-format\":{\"@class\":\"org.springframework.security.oauth2.server.authorization.settings.OAuth2TokenFormat\",\"value\":\"self-contained\"},\"settings.token.refresh-token-time-to-live\":[\"java.time.Duration\",2592000.000000000],\"settings.token.authorization-code-time-to-live\":[\"java.time.Duration\",300.000000000]}');
INSERT INTO `oauth2_registered_client` (`id`, `client_id`, `client_id_issued_at`, `client_secret`, `client_secret_expires_at`, `client_name`, `client_authentication_methods`, `authorization_grant_types`, `redirect_uris`, `scopes`, `client_settings`, `token_settings`) VALUES ('2', 'xuxiaowei_client_wechat_miniprogram_id', '2022-05-30 17:17:41', '{bcrypt}$2a$10$fyV3TJPS2VFUYK9qFk7i6O4WoCiWNlDS1VlK/TTgtKJZ4I.Rd7.RO', NULL, '86b0-4370-7b69-73f402ddbdb7-2bf94b1e', 'client_secret_post,client_secret_basic', 'refresh_token,wechat_miniprogram', NULL, 'snsapi_base,snsapi_info', '{\"@class\":\"java.util.Collections$UnmodifiableMap\",\"settings.client.require-proof-key\":false,\"settings.client.require-authorization-consent\":false}', '{\"@class\":\"java.util.Collections$UnmodifiableMap\",\"settings.token.reuse-refresh-tokens\":true,\"settings.token.id-token-signature-algorithm\":[\"org.springframework.security.oauth2.jose.jws.SignatureAlgorithm\",\"RS256\"],\"settings.token.access-token-time-to-live\":[\"java.time.Duration\",43200.000000000],\"settings.token.access-token-format\":{\"@class\":\"org.springframework.security.oauth2.server.authorization.settings.OAuth2TokenFormat\",\"value\":\"self-contained\"},\"settings.token.refresh-token-time-to-live\":[\"java.time.Duration\",2592000.000000000],\"settings.token.authorization-code-time-to-live\":[\"java.time.Duration\",300.000000000]}\r\n');
INSERT INTO `oauth2_registered_client` (`id`, `client_id`, `client_id_issued_at`, `client_secret`, `client_secret_expires_at`, `client_name`, `client_authentication_methods`, `authorization_grant_types`, `redirect_uris`, `scopes`, `client_settings`, `token_settings`) VALUES ('3', 'xuxiaowei_client_wechat_offiaccount_id', '2022-05-30 17:17:41', '{bcrypt}$2a$10$o286LHcchn7ciKotuc3J/.XSxluOpC9BEBxuX38q3ad1KdKnvZtlq', NULL, '9202d71b-5617-4d97-82a5-8071ce3502ec', 'client_secret_post,client_secret_basic', 'refresh_token,wechat_offiaccount', NULL, 'snsapi_base,snsapi_info', '{\"@class\":\"java.util.Collections$UnmodifiableMap\",\"settings.client.require-proof-key\":false,\"settings.client.require-authorization-consent\":false}', '{\"@class\":\"java.util.Collections$UnmodifiableMap\",\"settings.token.reuse-refresh-tokens\":true,\"settings.token.id-token-signature-algorithm\":[\"org.springframework.security.oauth2.jose.jws.SignatureAlgorithm\",\"RS256\"],\"settings.token.access-token-time-to-live\":[\"java.time.Duration\",43200.000000000],\"settings.token.access-token-format\":{\"@class\":\"org.springframework.security.oauth2.server.authorization.settings.OAuth2TokenFormat\",\"value\":\"self-contained\"},\"settings.token.refresh-token-time-to-live\":[\"java.time.Duration\",2592000.000000000],\"settings.token.authorization-code-time-to-live\":[\"java.time.Duration\",300.000000000]}\r\n');
INSERT INTO `oauth2_registered_client` (`id`, `client_id`, `client_id_issued_at`, `client_secret`, `client_secret_expires_at`, `client_name`, `client_authentication_methods`, `authorization_grant_types`, `redirect_uris`, `scopes`, `client_settings`, `token_settings`) VALUES ('4', 'xuxiaowei_client_wechat_oplatform_id', '2022-05-30 17:17:41', '{bcrypt}$2a$10$7cB4PtRs/hrHq69KVpedIOz0RYDMgcTtSUGTlbVOaaoZvf1JZsVwK', NULL, '4702cb48-44b4-4c0a-b317-fef300a2ac1b', 'client_secret_post,client_secret_basic', 'refresh_token,wechat_oplatform_website', NULL, 'snsapi_base,snsapi_info', '{\"@class\":\"java.util.Collections$UnmodifiableMap\",\"settings.client.require-proof-key\":false,\"settings.client.require-authorization-consent\":false}', '{\"@class\":\"java.util.Collections$UnmodifiableMap\",\"settings.token.reuse-refresh-tokens\":true,\"settings.token.id-token-signature-algorithm\":[\"org.springframework.security.oauth2.jose.jws.SignatureAlgorithm\",\"RS256\"],\"settings.token.access-token-time-to-live\":[\"java.time.Duration\",43200.000000000],\"settings.token.access-token-format\":{\"@class\":\"org.springframework.security.oauth2.server.authorization.settings.OAuth2TokenFormat\",\"value\":\"self-contained\"},\"settings.token.refresh-token-time-to-live\":[\"java.time.Duration\",2592000.000000000],\"settings.token.authorization-code-time-to-live\":[\"java.time.Duration\",300.000000000]}\r\n');
INSERT INTO `oauth2_registered_client` (`id`, `client_id`, `client_id_issued_at`, `client_secret`, `client_secret_expires_at`, `client_name`, `client_authentication_methods`, `authorization_grant_types`, `redirect_uris`, `scopes`, `client_settings`, `token_settings`) VALUES ('5', 'xuxiaowei_client_gitee_id', '2022-05-30 17:17:41', '{bcrypt}$2a$10$ThNHhwAhm8tNahJmw/0xXOHWQhECdoEkL80qFSMUDIejowzMj2XvW', NULL, '2299b7f6-d7b4-433e-b99d-7c0e93d6bfa0', 'client_secret_post,client_secret_basic', 'refresh_token,gitee', NULL, 'snsapi_base,snsapi_info', '{\"@class\":\"java.util.Collections$UnmodifiableMap\",\"settings.client.require-proof-key\":false,\"settings.client.require-authorization-consent\":false}', '{\"@class\":\"java.util.Collections$UnmodifiableMap\",\"settings.token.reuse-refresh-tokens\":true,\"settings.token.id-token-signature-algorithm\":[\"org.springframework.security.oauth2.jose.jws.SignatureAlgorithm\",\"RS256\"],\"settings.token.access-token-time-to-live\":[\"java.time.Duration\",43200.000000000],\"settings.token.access-token-format\":{\"@class\":\"org.springframework.security.oauth2.server.authorization.settings.OAuth2TokenFormat\",\"value\":\"self-contained\"},\"settings.token.refresh-token-time-to-live\":[\"java.time.Duration\",2592000.000000000],\"settings.token.authorization-code-time-to-live\":[\"java.time.Duration\",300.000000000]}\r\n');
INSERT INTO `oauth2_registered_client` (`id`, `client_id`, `client_id_issued_at`, `client_secret`, `client_secret_expires_at`, `client_name`, `client_authentication_methods`, `authorization_grant_types`, `redirect_uris`, `scopes`, `client_settings`, `token_settings`) VALUES ('6', 'xuxiaowei_client_qq_website_id', '2022-05-30 17:17:41', '{bcrypt}$2a$10$UyOxyK18VHMFF/WT196RRuBkjSVl7qogRaBYgs0L/Oe/GZIFC37La', NULL, 'e56f23e6-afb5-46e3-8a3e-b9a48e82d275', 'client_secret_post,client_secret_basic', 'refresh_token,qq_website', NULL, 'snsapi_base,snsapi_info', '{\"@class\":\"java.util.Collections$UnmodifiableMap\",\"settings.client.require-proof-key\":false,\"settings.client.require-authorization-consent\":false}', '{\"@class\":\"java.util.Collections$UnmodifiableMap\",\"settings.token.reuse-refresh-tokens\":true,\"settings.token.id-token-signature-algorithm\":[\"org.springframework.security.oauth2.jose.jws.SignatureAlgorithm\",\"RS256\"],\"settings.token.access-token-time-to-live\":[\"java.time.Duration\",43200.000000000],\"settings.token.access-token-format\":{\"@class\":\"org.springframework.security.oauth2.server.authorization.settings.OAuth2TokenFormat\",\"value\":\"self-contained\"},\"settings.token.refresh-token-time-to-live\":[\"java.time.Duration\",2592000.000000000],\"settings.token.authorization-code-time-to-live\":[\"java.time.Duration\",300.000000000]}\r\n');
INSERT INTO `oauth2_registered_client` (`id`, `client_id`, `client_id_issued_at`, `client_secret`, `client_secret_expires_at`, `client_name`, `client_authentication_methods`, `authorization_grant_types`, `redirect_uris`, `scopes`, `client_settings`, `token_settings`) VALUES ('7', 'xuxiaowei_client_weibo_id', '2022-05-30 17:17:41', '{bcrypt}$2a$10$1D70RZBidNgDNSs0/NTXkOdZdCkGZDNXJcvP6Z0bTzryuyZHnbpI6', NULL, 'b20a0723-1d14-4f2f-8328-2259bfa11240', 'client_secret_post,client_secret_basic', 'refresh_token,weibo_website', NULL, 'snsapi_base,snsapi_info', '{\"@class\":\"java.util.Collections$UnmodifiableMap\",\"settings.client.require-proof-key\":false,\"settings.client.require-authorization-consent\":false}', '{\"@class\":\"java.util.Collections$UnmodifiableMap\",\"settings.token.reuse-refresh-tokens\":true,\"settings.token.id-token-signature-algorithm\":[\"org.springframework.security.oauth2.jose.jws.SignatureAlgorithm\",\"RS256\"],\"settings.token.access-token-time-to-live\":[\"java.time.Duration\",43200.000000000],\"settings.token.access-token-format\":{\"@class\":\"org.springframework.security.oauth2.server.authorization.settings.OAuth2TokenFormat\",\"value\":\"self-contained\"},\"settings.token.refresh-token-time-to-live\":[\"java.time.Duration\",2592000.000000000],\"settings.token.authorization-code-time-to-live\":[\"java.time.Duration\",300.000000000]}\r\n');
INSERT INTO `oauth2_registered_client` (`id`, `client_id`, `client_id_issued_at`, `client_secret`, `client_secret_expires_at`, `client_name`, `client_authentication_methods`, `authorization_grant_types`, `redirect_uris`, `scopes`, `client_settings`, `token_settings`) VALUES ('8', 'xuxiaowei_client_gitlab_id', '2022-05-30 17:17:41', '{bcrypt}$2a$10$7T/85U7ZdQZfyVjXuyuutu1SPwMpRvX/FrrvbQNpY5X64ljWcZDCK', NULL, '7737682f-9d50-4b96-b9bd-75f0ef468de8', 'client_secret_post,client_secret_basic', 'refresh_token,gitlab', NULL, 'snsapi_base,snsapi_info', '{\"@class\":\"java.util.Collections$UnmodifiableMap\",\"settings.client.require-proof-key\":false,\"settings.client.require-authorization-consent\":false}', '{\"@class\":\"java.util.Collections$UnmodifiableMap\",\"settings.token.reuse-refresh-tokens\":true,\"settings.token.id-token-signature-algorithm\":[\"org.springframework.security.oauth2.jose.jws.SignatureAlgorithm\",\"RS256\"],\"settings.token.access-token-time-to-live\":[\"java.time.Duration\",43200.000000000],\"settings.token.access-token-format\":{\"@class\":\"org.springframework.security.oauth2.server.authorization.settings.OAuth2TokenFormat\",\"value\":\"self-contained\"},\"settings.token.refresh-token-time-to-live\":[\"java.time.Duration\",2592000.000000000],\"settings.token.authorization-code-time-to-live\":[\"java.time.Duration\",300.000000000]}\r\n');
INSERT INTO `oauth2_registered_client` (`id`, `client_id`, `client_id_issued_at`, `client_secret`, `client_secret_expires_at`, `client_name`, `client_authentication_methods`, `authorization_grant_types`, `redirect_uris`, `scopes`, `client_settings`, `token_settings`) VALUES ('9', 'xuxiaowei_client_wechat_work_website_id', '2022-05-30 17:17:41', '{bcrypt}$2a$10$KlRi1sdY9ZGk5LABBPul0udL0U8Z44MAH1d40e5Z0TbNHCYL7H.Ma', NULL, '18472e79-fcaf-4e13-9e2a-0b6d657cbf94', 'client_secret_post,client_secret_basic', 'refresh_token,wechat_work_website', NULL, 'snsapi_base,snsapi_info', '{\"@class\":\"java.util.Collections$UnmodifiableMap\",\"settings.client.require-proof-key\":false,\"settings.client.require-authorization-consent\":false}', '{\"@class\":\"java.util.Collections$UnmodifiableMap\",\"settings.token.reuse-refresh-tokens\":true,\"settings.token.id-token-signature-algorithm\":[\"org.springframework.security.oauth2.jose.jws.SignatureAlgorithm\",\"RS256\"],\"settings.token.access-token-time-to-live\":[\"java.time.Duration\",43200.000000000],\"settings.token.access-token-format\":{\"@class\":\"org.springframework.security.oauth2.server.authorization.settings.OAuth2TokenFormat\",\"value\":\"self-contained\"},\"settings.token.refresh-token-time-to-live\":[\"java.time.Duration\",2592000.000000000],\"settings.token.authorization-code-time-to-live\":[\"java.time.Duration\",300.000000000]}\r\n');
INSERT INTO `oauth2_registered_client` (`id`, `client_id`, `client_id_issued_at`, `client_secret`, `client_secret_expires_at`, `client_name`, `client_authentication_methods`, `authorization_grant_types`, `redirect_uris`, `scopes`, `client_settings`, `token_settings`) VALUES ('10', 'xuxiaowei_client_github_id', '2022-05-30 17:17:41', '{bcrypt}$2a$10$9SObYifLH3xBRyf7KExvQ.w4bVlmKyFRossIBxL7IsVr9GRYjYM6m', NULL, '4b79aeeb-70c6-4cf9-a5d4-78e85c46fbb5', 'client_secret_post,client_secret_basic', 'refresh_token,github', NULL, 'snsapi_base,snsapi_info', '{\"@class\":\"java.util.Collections$UnmodifiableMap\",\"settings.client.require-proof-key\":false,\"settings.client.require-authorization-consent\":false}', '{\"@class\":\"java.util.Collections$UnmodifiableMap\",\"settings.token.reuse-refresh-tokens\":true,\"settings.token.id-token-signature-algorithm\":[\"org.springframework.security.oauth2.jose.jws.SignatureAlgorithm\",\"RS256\"],\"settings.token.access-token-time-to-live\":[\"java.time.Duration\",43200.000000000],\"settings.token.access-token-format\":{\"@class\":\"org.springframework.security.oauth2.server.authorization.settings.OAuth2TokenFormat\",\"value\":\"self-contained\"},\"settings.token.refresh-token-time-to-live\":[\"java.time.Duration\",2592000.000000000],\"settings.token.authorization-code-time-to-live\":[\"java.time.Duration\",300.000000000]}\r\n');
INSERT INTO `oauth2_registered_client` (`id`, `client_id`, `client_id_issued_at`, `client_secret`, `client_secret_expires_at`, `client_name`, `client_authentication_methods`, `authorization_grant_types`, `redirect_uris`, `scopes`, `client_settings`, `token_settings`) VALUES ('11', 'xuxiaowei_client_dingtalk_id', '2022-05-30 17:17:41', '{bcrypt}$2a$10$X2tYxfOjjBF82IPaBLr2XuwTAY5gBmfmaN3i9h5OooGS9e/dKDDQy', NULL, '4f4e4e08-d73e-466f-8346-7b64398217dd', 'client_secret_post,client_secret_basic', 'refresh_token,dingtalk', NULL, 'snsapi_base,snsapi_info', '{\"@class\":\"java.util.Collections$UnmodifiableMap\",\"settings.client.require-proof-key\":false,\"settings.client.require-authorization-consent\":false}', '{\"@class\":\"java.util.Collections$UnmodifiableMap\",\"settings.token.reuse-refresh-tokens\":true,\"settings.token.id-token-signature-algorithm\":[\"org.springframework.security.oauth2.jose.jws.SignatureAlgorithm\",\"RS256\"],\"settings.token.access-token-time-to-live\":[\"java.time.Duration\",43200.000000000],\"settings.token.access-token-format\":{\"@class\":\"org.springframework.security.oauth2.server.authorization.settings.OAuth2TokenFormat\",\"value\":\"self-contained\"},\"settings.token.refresh-token-time-to-live\":[\"java.time.Duration\",2592000.000000000],\"settings.token.authorization-code-time-to-live\":[\"java.time.Duration\",300.000000000]}\r\n');
INSERT INTO `oauth2_registered_client` (`id`, `client_id`, `client_id_issued_at`, `client_secret`, `client_secret_expires_at`, `client_name`, `client_authentication_methods`, `authorization_grant_types`, `redirect_uris`, `scopes`, `client_settings`, `token_settings`) VALUES ('12', 'xuxiaowei_client_qq_miniprogram_id', '2022-05-30 17:17:41', '{bcrypt}$2a$10$UNR8xj35/Oj/x4RsaF3o1e3ZTzic2BtpHzFiuFmlri2cbGN03KRCS', NULL, '5267e6ec-a08f-494e-897a-b81c8e50f629', 'client_secret_post,client_secret_basic', 'refresh_token,qq_miniprogram', NULL, 'snsapi_base,snsapi_info', '{\"@class\":\"java.util.Collections$UnmodifiableMap\",\"settings.client.require-proof-key\":false,\"settings.client.require-authorization-consent\":false}', '{\"@class\":\"java.util.Collections$UnmodifiableMap\",\"settings.token.reuse-refresh-tokens\":true,\"settings.token.id-token-signature-algorithm\":[\"org.springframework.security.oauth2.jose.jws.SignatureAlgorithm\",\"RS256\"],\"settings.token.access-token-time-to-live\":[\"java.time.Duration\",43200.000000000],\"settings.token.access-token-format\":{\"@class\":\"org.springframework.security.oauth2.server.authorization.settings.OAuth2TokenFormat\",\"value\":\"self-contained\"},\"settings.token.refresh-token-time-to-live\":[\"java.time.Duration\",2592000.000000000],\"settings.token.authorization-code-time-to-live\":[\"java.time.Duration\",300.000000000]}\r\n');
INSERT INTO `oauth2_registered_client` (`id`, `client_id`, `client_id_issued_at`, `client_secret`, `client_secret_expires_at`, `client_name`, `client_authentication_methods`, `authorization_grant_types`, `redirect_uris`, `scopes`, `client_settings`, `token_settings`) VALUES ('13', 'xuxiaowei_client_alipay_miniprogram_id', '2022-05-30 17:17:41', '{bcrypt}$2a$10$hlp0UhFzOXNMV0hAsGRNSu8ySLTi0bi8sb/9I47.Ak0xDfHFnAzh2', NULL, '91b19aed-2134-4460-936e-cd822a7cb590', 'client_secret_post,client_secret_basic', 'refresh_token,alipay_miniprogram', NULL, 'snsapi_base,snsapi_info', '{\"@class\":\"java.util.Collections$UnmodifiableMap\",\"settings.client.require-proof-key\":false,\"settings.client.require-authorization-consent\":false}', '{\"@class\":\"java.util.Collections$UnmodifiableMap\",\"settings.token.reuse-refresh-tokens\":true,\"settings.token.id-token-signature-algorithm\":[\"org.springframework.security.oauth2.jose.jws.SignatureAlgorithm\",\"RS256\"],\"settings.token.access-token-time-to-live\":[\"java.time.Duration\",43200.000000000],\"settings.token.access-token-format\":{\"@class\":\"org.springframework.security.oauth2.server.authorization.settings.OAuth2TokenFormat\",\"value\":\"self-contained\"},\"settings.token.refresh-token-time-to-live\":[\"java.time.Duration\",2592000.000000000],\"settings.token.authorization-code-time-to-live\":[\"java.time.Duration\",300.000000000]}\r\n');
INSERT INTO `oauth2_registered_client` (`id`, `client_id`, `client_id_issued_at`, `client_secret`, `client_secret_expires_at`, `client_name`, `client_authentication_methods`, `authorization_grant_types`, `redirect_uris`, `scopes`, `client_settings`, `token_settings`) VALUES ('14', 'xuxiaowei_client_alipay_oplatform_website_id', '2022-05-30 17:17:41', '{bcrypt}$2a$10$yL65pnAxvmc21rZLGdoQFO0AUyiZ0GscZQqhtdX/NfSt6qS7JaERu', NULL, 'ec454221-0f90-4ea8-9435-611b2c9b0be0', 'client_secret_post,client_secret_basic', 'refresh_token,alipay_oplatform_website', NULL, 'snsapi_base,snsapi_info', '{\"@class\":\"java.util.Collections$UnmodifiableMap\",\"settings.client.require-proof-key\":false,\"settings.client.require-authorization-consent\":false}', '{\"@class\":\"java.util.Collections$UnmodifiableMap\",\"settings.token.reuse-refresh-tokens\":true,\"settings.token.id-token-signature-algorithm\":[\"org.springframework.security.oauth2.jose.jws.SignatureAlgorithm\",\"RS256\"],\"settings.token.access-token-time-to-live\":[\"java.time.Duration\",43200.000000000],\"settings.token.access-token-format\":{\"@class\":\"org.springframework.security.oauth2.server.authorization.settings.OAuth2TokenFormat\",\"value\":\"self-contained\"},\"settings.token.refresh-token-time-to-live\":[\"java.time.Duration\",2592000.000000000],\"settings.token.authorization-code-time-to-live\":[\"java.time.Duration\",300.000000000]}\r\n');
